"No.","Time","Source","Data","Data","Destination","Protocol","Length","Info"
"1","0.000000000","172.16.42.1","00694d61632d64652d4d61632e6c6f63616c0000007000008543266cff7f00000030dd12â\200\246","00694d61632d64652d4d61632e6c6f63616c0000007000008543266cff7f00000030dd12â\200\246","172.16.42.255","UDP","305","54915  >  54915 Len=263"
"2","1.075059777","172.16.42.1","00694d61632d64652d4d61632e6c6f63616c0000007000008543266cff7f00000030dd12â\200\246","00694d61632d64652d4d61632e6c6f63616c0000007000008543266cff7f00000030dd12â\200\246","172.16.42.255","UDP","305","54915  >  54915 Len=263"
"3","2.074571999","172.16.42.1","00694d61632d64652d4d61632e6c6f63616c0000007000008543266cff7f00000030dd12â\200\246","00694d61632d64652d4d61632e6c6f63616c0000007000008543266cff7f00000030dd12â\200\246","172.16.42.255","UDP","305","54915  >  54915 Len=263"
"4","3.074049746","172.16.42.1","00694d61632d64652d4d61632e6c6f63616c0000007000008543266cff7f00000030dd12â\200\246","00694d61632d64652d4d61632e6c6f63616c0000007000008543266cff7f00000030dd12â\200\246","172.16.42.255","UDP","305","54915  >  54915 Len=263"
"5","3.999654044","172.16.42.1","00694d61632d64652d4d61632e6c6f63616c0000007000008543266cff7f00000030dd12â\200\246","00694d61632d64652d4d61632e6c6f63616c0000007000008543266cff7f00000030dd12â\200\246","172.16.42.255","UDP","305","54915  >  54915 Len=263"
"6","5.074891566","172.16.42.1","00694d61632d64652d4d61632e6c6f63616c0000007000008543266cff7f00000030dd12â\200\246","00694d61632d64652d4d61632e6c6f63616c0000007000008543266cff7f00000030dd12â\200\246","172.16.42.255","UDP","305","54915  >  54915 Len=263"
"7","5.999683358","172.16.42.1","00694d61632d64652d4d61632e6c6f63616c0000007000008543266cff7f00000030dd12â\200\246","00694d61632d64652d4d61632e6c6f63616c0000007000008543266cff7f00000030dd12â\200\246","172.16.42.255","UDP","305","54915  >  54915 Len=263"
"8","7.074507617","172.16.42.1","00694d61632d64652d4d61632e6c6f63616c0000007000008543266cff7f00000030dd12â\200\246","00694d61632d64652d4d61632e6c6f63616c0000007000008543266cff7f00000030dd12â\200\246","172.16.42.255","UDP","305","54915  >  54915 Len=263"
"9","8.075040246","172.16.42.1","00694d61632d64652d4d61632e6c6f63616c0000007000008543266cff7f00000030dd12â\200\246","00694d61632d64652d4d61632e6c6f63616c0000007000008543266cff7f00000030dd12â\200\246","172.16.42.255","UDP","305","54915  >  54915 Len=263"
"10","9.000130207","172.16.42.1","00694d61632d64652d4d61632e6c6f63616c0000007000008543266cff7f00000030dd12â\200\246","00694d61632d64652d4d61632e6c6f63616c0000007000008543266cff7f00000030dd12â\200\246","172.16.42.255","UDP","305","54915  >  54915 Len=263"
"11","9.485544659","172.16.42.1","","","mdns.mcast.net","MDNS","87","Standard query 0x0000 PTR _spotify-connect._tcp.local, ""QM"" question"
"12","10.073272337","172.16.42.1","00694d61632d64652d4d61632e6c6f63616c0000007000008543266cff7f00000030dd12â\200\246","00694d61632d64652d4d61632e6c6f63616c0000007000008543266cff7f00000030dd12â\200\246","172.16.42.255","UDP","305","54915  >  54915 Len=263"
"13","10.999611581","172.16.42.1","00694d61632d64652d4d61632e6c6f63616c0000007000008543266cff7f00000030dd12â\200\246","00694d61632d64652d4d61632e6c6f63616c0000007000008543266cff7f00000030dd12â\200\246","172.16.42.255","UDP","305","54915  >  54915 Len=263"
"14","11.406185365","172.16.42.1","","","239.255.255.250","SSDP","167","M-SEARCH * HTTP/1.1 "
"15","11.780727180","172.16.42.1","53706f7455647030e62bce4ad9ea665a000100044895c203645c89390e8e6c535da3950câ\200\246","53706f7455647030e62bce4ad9ea665a000100044895c203645c89390e8e6c535da3950câ\200\246","172.16.42.255","UDP","86","57621  >  57621 Len=44"
"16","12.073777362","172.16.42.1","00694d61632d64652d4d61632e6c6f63616c0000007000008543266cff7f00000030dd12â\200\246","00694d61632d64652d4d61632e6c6f63616c0000007000008543266cff7f00000030dd12â\200\246","172.16.42.255","UDP","305","54915  >  54915 Len=263"
"17","13.074991667","172.16.42.1","00694d61632d64652d4d61632e6c6f63616c0000007000008543266cff7f00000030dd12â\200\246","00694d61632d64652d4d61632e6c6f63616c0000007000008543266cff7f00000030dd12â\200\246","172.16.42.255","UDP","305","54915  >  54915 Len=263"
"18","14.074942110","172.16.42.1","00694d61632d64652d4d61632e6c6f63616c0000007000008543266cff7f00000030dd12â\200\246","00694d61632d64652d4d61632e6c6f63616c0000007000008543266cff7f00000030dd12â\200\246","172.16.42.255","UDP","305","54915  >  54915 Len=263"
"19","15.075666523","172.16.42.1","00694d61632d64652d4d61632e6c6f63616c0000007000008543266cff7f00000030dd12â\200\246","00694d61632d64652d4d61632e6c6f63616c0000007000008543266cff7f00000030dd12â\200\246","172.16.42.255","UDP","305","54915  >  54915 Len=263"
"20","16.073948661","172.16.42.1","00694d61632d64652d4d61632e6c6f63616c0000007000008543266cff7f00000030dd12â\200\246","00694d61632d64652d4d61632e6c6f63616c0000007000008543266cff7f00000030dd12â\200\246","172.16.42.255","UDP","305","54915  >  54915 Len=263"
"21","17.074365880","172.16.42.1","00694d61632d64652d4d61632e6c6f63616c0000007000008543266cff7f00000030dd12â\200\246","00694d61632d64652d4d61632e6c6f63616c0000007000008543266cff7f00000030dd12â\200\246","172.16.42.255","UDP","305","54915  >  54915 Len=263"
"22","18.074907097","172.16.42.1","00694d61632d64652d4d61632e6c6f63616c0000007000008543266cff7f00000030dd12â\200\246","00694d61632d64652d4d61632e6c6f63616c0000007000008543266cff7f00000030dd12â\200\246","172.16.42.255","UDP","305","54915  >  54915 Len=263"
"23","19.073702843","172.16.42.1","00694d61632d64652d4d61632e6c6f63616c0000007000008543266cff7f00000030dd12â\200\246","00694d61632d64652d4d61632e6c6f63616c0000007000008543266cff7f00000030dd12â\200\246","172.16.42.255","UDP","305","54915  >  54915 Len=263"
"24","20.074296549","172.16.42.1","00694d61632d64652d4d61632e6c6f63616c0000007000008543266cff7f00000030dd12â\200\246","00694d61632d64652d4d61632e6c6f63616c0000007000008543266cff7f00000030dd12â\200\246","172.16.42.255","UDP","305","54915  >  54915 Len=263"
"25","21.074442088","172.16.42.1","00694d61632d64652d4d61632e6c6f63616c0000007000008543266cff7f00000030dd12â\200\246","00694d61632d64652d4d61632e6c6f63616c0000007000008543266cff7f00000030dd12â\200\246","172.16.42.255","UDP","305","54915  >  54915 Len=263"
"26","22.074330388","172.16.42.1","00694d61632d64652d4d61632e6c6f63616c0000007000008543266cff7f00000030dd12â\200\246","00694d61632d64652d4d61632e6c6f63616c0000007000008543266cff7f00000030dd12â\200\246","172.16.42.255","UDP","305","54915  >  54915 Len=263"
"27","22.999554973","172.16.42.1","00694d61632d64652d4d61632e6c6f63616c0000007000008543266cff7f00000030dd12â\200\246","00694d61632d64652d4d61632e6c6f63616c0000007000008543266cff7f00000030dd12â\200\246","172.16.42.255","UDP","305","54915  >  54915 Len=263"
"28","24.074503434","172.16.42.1","00694d61632d64652d4d61632e6c6f63616c0000007000008543266cff7f00000030dd12â\200\246","00694d61632d64652d4d61632e6c6f63616c0000007000008543266cff7f00000030dd12â\200\246","172.16.42.255","UDP","305","54915  >  54915 Len=263"
"29","25.074395280","172.16.42.1","00694d61632d64652d4d61632e6c6f63616c0000007000008543266cff7f00000030dd12â\200\246","00694d61632d64652d4d61632e6c6f63616c0000007000008543266cff7f00000030dd12â\200\246","172.16.42.255","UDP","305","54915  >  54915 Len=263"
"30","26.074829175","172.16.42.1","00694d61632d64652d4d61632e6c6f63616c0000007000008543266cff7f00000030dd12â\200\246","00694d61632d64652d4d61632e6c6f63616c0000007000008543266cff7f00000030dd12â\200\246","172.16.42.255","UDP","305","54915  >  54915 Len=263"
"31","27.074975384","172.16.42.1","00694d61632d64652d4d61632e6c6f63616c0000007000008543266cff7f00000030dd12â\200\246","00694d61632d64652d4d61632e6c6f63616c0000007000008543266cff7f00000030dd12â\200\246","172.16.42.255","UDP","305","54915  >  54915 Len=263"
"32","28.073121324","172.16.42.1","00694d61632d64652d4d61632e6c6f63616c0000007000008543266cff7f00000030dd12â\200\246","00694d61632d64652d4d61632e6c6f63616c0000007000008543266cff7f00000030dd12â\200\246","172.16.42.255","UDP","305","54915  >  54915 Len=263"
"33","28.999572411","172.16.42.1","00694d61632d64652d4d61632e6c6f63616c0000007000008543266cff7f00000030dd12â\200\246","00694d61632d64652d4d61632e6c6f63616c0000007000008543266cff7f00000030dd12â\200\246","172.16.42.255","UDP","305","54915  >  54915 Len=263"
"34","30.000059694","172.16.42.1","00694d61632d64652d4d61632e6c6f63616c0000007000008543266cff7f00000030dd12â\200\246","00694d61632d64652d4d61632e6c6f63616c0000007000008543266cff7f00000030dd12â\200\246","172.16.42.255","UDP","305","54915  >  54915 Len=263"
"35","31.075236540","172.16.42.1","00694d61632d64652d4d61632e6c6f63616c0000007000008543266cff7f00000030dd12â\200\246","00694d61632d64652d4d61632e6c6f63616c0000007000008543266cff7f00000030dd12â\200\246","172.16.42.255","UDP","305","54915  >  54915 Len=263"
"36","32.074023196","172.16.42.1","00694d61632d64652d4d61632e6c6f63616c0000007000008543266cff7f00000030dd12â\200\246","00694d61632d64652d4d61632e6c6f63616c0000007000008543266cff7f00000030dd12â\200\246","172.16.42.255","UDP","305","54915  >  54915 Len=263"
"37","33.033213630","172.16.42.1","00694d61632d64652d4d61632e6c6f63616c0000007000008543266cff7f00000030dd12â\200\246","00694d61632d64652d4d61632e6c6f63616c0000007000008543266cff7f00000030dd12â\200\246","172.16.42.255","UDP","305","54915  >  54915 Len=263"
"38","34.074782041","172.16.42.1","00694d61632d64652d4d61632e6c6f63616c0000007000008543266cff7f00000030dd12â\200\246","00694d61632d64652d4d61632e6c6f63616c0000007000008543266cff7f00000030dd12â\200\246","172.16.42.255","UDP","305","54915  >  54915 Len=263"
"39","35.073679580","172.16.42.1","00694d61632d64652d4d61632e6c6f63616c0000007000008543266cff7f00000030dd12â\200\246","00694d61632d64652d4d61632e6c6f63616c0000007000008543266cff7f00000030dd12â\200\246","172.16.42.255","UDP","305","54915  >  54915 Len=263"
"40","36.073444882","172.16.42.1","00694d61632d64652d4d61632e6c6f63616c0000007000008543266cff7f00000030dd12â\200\246","00694d61632d64652d4d61632e6c6f63616c0000007000008543266cff7f00000030dd12â\200\246","172.16.42.255","UDP","305","54915  >  54915 Len=263"
"41","36.127092784","172.16.42.143","6520616f206d616e6f202c2073652073616265206120666c6167203f0a","6520616f206d616e6f202c2073652073616265206120666c6167203f0a","172.16.42.139","TCP","95","hbci(3000)  >  46962 [PSH, ACK] Seq=1 Ack=1 Win=510 Len=29 TSval=3667810055 TSecr=4098896"
"42","36.127637139","172.16.42.139","","","172.16.42.143","TCP","66","46962  >  hbci(3000) [ACK] Seq=1 Ack=30 Win=92 Len=0 TSval=4108297 TSecr=3667810055"
"43","37.074168626","172.16.42.1","00694d61632d64652d4d61632e6c6f63616c0000007000008543266cff7f00000030dd12â\200\246","00694d61632d64652d4d61632e6c6f63616c0000007000008543266cff7f00000030dd12â\200\246","172.16.42.255","UDP","305","54915  >  54915 Len=263"
"44","38.000399016","172.16.42.1","00694d61632d64652d4d61632e6c6f63616c0000007000008543266cff7f00000030dd12â\200\246","00694d61632d64652d4d61632e6c6f63616c0000007000008543266cff7f00000030dd12â\200\246","172.16.42.255","UDP","305","54915  >  54915 Len=263"
"45","38.999817608","172.16.42.1","00694d61632d64652d4d61632e6c6f63616c0000007000008543266cff7f00000030dd12â\200\246","00694d61632d64652d4d61632e6c6f63616c0000007000008543266cff7f00000030dd12â\200\246","172.16.42.255","UDP","305","54915  >  54915 Len=263"
"46","40.000150444","172.16.42.1","00694d61632d64652d4d61632e6c6f63616c0000007000008543266cff7f00000030dd12â\200\246","00694d61632d64652d4d61632e6c6f63616c0000007000008543266cff7f00000030dd12â\200\246","172.16.42.255","UDP","305","54915  >  54915 Len=263"
"47","41.074851262","172.16.42.1","00694d61632d64652d4d61632e6c6f63616c0000007000008543266cff7f00000030dd12â\200\246","00694d61632d64652d4d61632e6c6f63616c0000007000008543266cff7f00000030dd12â\200\246","172.16.42.255","UDP","305","54915  >  54915 Len=263"
"48","41.121187453","VMware_24:c6:30","","","VMware_aa:ae:e0","ARP","60","Who has 172.16.42.143? Tell 172.16.42.139"
"49","41.121208397","VMware_aa:ae:e0","","","VMware_24:c6:30","ARP","42","172.16.42.143 is at 00:0c:29:aa:ae:e0"
"50","41.184008850","VMware_aa:ae:e0","","","VMware_24:c6:30","ARP","42","Who has 172.16.42.139? Tell 172.16.42.143"
"51","41.184488741","VMware_24:c6:30","","","VMware_aa:ae:e0","ARP","60","172.16.42.139 is at 00:0c:29:24:c6:30"
"52","41.785293680","172.16.42.1","53706f7455647030e62bce4ad9ea665a000100044895c203645c89390e8e6c535da3950câ\200\246","53706f7455647030e62bce4ad9ea665a000100044895c203645c89390e8e6c535da3950câ\200\246","172.16.42.255","UDP","86","57621  >  57621 Len=44"
"53","42.074265689","172.16.42.1","00694d61632d64652d4d61632e6c6f63616c0000007000008543266cff7f00000030dd12â\200\246","00694d61632d64652d4d61632e6c6f63616c0000007000008543266cff7f00000030dd12â\200\246","172.16.42.255","UDP","305","54915  >  54915 Len=263"
"54","43.074742586","172.16.42.1","00694d61632d64652d4d61632e6c6f63616c0000007000008543266cff7f00000030dd12â\200\246","00694d61632d64652d4d61632e6c6f63616c0000007000008543266cff7f00000030dd12â\200\246","172.16.42.255","UDP","305","54915  >  54915 Len=263"
"55","44.074599041","172.16.42.1","00694d61632d64652d4d61632e6c6f63616c0000007000008543266cff7f00000030dd12â\200\246","00694d61632d64652d4d61632e6c6f63616c0000007000008543266cff7f00000030dd12â\200\246","172.16.42.255","UDP","305","54915  >  54915 Len=263"
"56","45.074164739","172.16.42.1","00694d61632d64652d4d61632e6c6f63616c0000007000008543266cff7f00000030dd12â\200\246","00694d61632d64652d4d61632e6c6f63616c0000007000008543266cff7f00000030dd12â\200\246","172.16.42.255","UDP","305","54915  >  54915 Len=263"
"57","46.075268614","172.16.42.1","00694d61632d64652d4d61632e6c6f63616c0000007000008543266cff7f00000030dd12â\200\246","00694d61632d64652d4d61632e6c6f63616c0000007000008543266cff7f00000030dd12â\200\246","172.16.42.255","UDP","305","54915  >  54915 Len=263"
"58","47.074023355","172.16.42.1","00694d61632d64652d4d61632e6c6f63616c0000007000008543266cff7f00000030dd12â\200\246","00694d61632d64652d4d61632e6c6f63616c0000007000008543266cff7f00000030dd12â\200\246","172.16.42.255","UDP","305","54915  >  54915 Len=263"
"59","47.999566062","172.16.42.1","00694d61632d64652d4d61632e6c6f63616c0000007000008543266cff7f00000030dd12â\200\246","00694d61632d64652d4d61632e6c6f63616c0000007000008543266cff7f00000030dd12â\200\246","172.16.42.255","UDP","305","54915  >  54915 Len=263"
"60","49.073900061","172.16.42.1","00694d61632d64652d4d61632e6c6f63616c0000007000008543266cff7f00000030dd12â\200\246","00694d61632d64652d4d61632e6c6f63616c0000007000008543266cff7f00000030dd12â\200\246","172.16.42.255","UDP","305","54915  >  54915 Len=263"
"61","50.074243773","172.16.42.1","00694d61632d64652d4d61632e6c6f63616c0000007000008543266cff7f00000030dd12â\200\246","00694d61632d64652d4d61632e6c6f63616c0000007000008543266cff7f00000030dd12â\200\246","172.16.42.255","UDP","305","54915  >  54915 Len=263"
"62","51.074094192","172.16.42.1","00694d61632d64652d4d61632e6c6f63616c0000007000008543266cff7f00000030dd12â\200\246","00694d61632d64652d4d61632e6c6f63616c0000007000008543266cff7f00000030dd12â\200\246","172.16.42.255","UDP","305","54915  >  54915 Len=263"
"63","51.999969529","172.16.42.1","00694d61632d64652d4d61632e6c6f63616c0000007000008543266cff7f00000030dd12â\200\246","00694d61632d64652d4d61632e6c6f63616c0000007000008543266cff7f00000030dd12â\200\246","172.16.42.255","UDP","305","54915  >  54915 Len=263"
"64","53.074268235","172.16.42.1","00694d61632d64652d4d61632e6c6f63616c0000007000008543266cff7f00000030dd12â\200\246","00694d61632d64652d4d61632e6c6f63616c0000007000008543266cff7f00000030dd12â\200\246","172.16.42.255","UDP","305","54915  >  54915 Len=263"
"65","53.999711231","172.16.42.1","00694d61632d64652d4d61632e6c6f63616c0000007000008543266cff7f00000030dd12â\200\246","00694d61632d64652d4d61632e6c6f63616c0000007000008543266cff7f00000030dd12â\200\246","172.16.42.255","UDP","305","54915  >  54915 Len=263"
"66","55.073001784","172.16.42.1","00694d61632d64652d4d61632e6c6f63616c0000007000008543266cff7f00000030dd12â\200\246","00694d61632d64652d4d61632e6c6f63616c0000007000008543266cff7f00000030dd12â\200\246","172.16.42.255","UDP","305","54915  >  54915 Len=263"
"67","56.074202472","172.16.42.1","00694d61632d64652d4d61632e6c6f63616c0000007000008543266cff7f00000030dd12â\200\246","00694d61632d64652d4d61632e6c6f63616c0000007000008543266cff7f00000030dd12â\200\246","172.16.42.255","UDP","305","54915  >  54915 Len=263"
"68","57.074288213","172.16.42.1","00694d61632d64652d4d61632e6c6f63616c0000007000008543266cff7f00000030dd12â\200\246","00694d61632d64652d4d61632e6c6f63616c0000007000008543266cff7f00000030dd12â\200\246","172.16.42.255","UDP","305","54915  >  54915 Len=263"
"69","58.074691778","172.16.42.1","00694d61632d64652d4d61632e6c6f63616c0000007000008543266cff7f00000030dd12â\200\246","00694d61632d64652d4d61632e6c6f63616c0000007000008543266cff7f00000030dd12â\200\246","172.16.42.255","UDP","305","54915  >  54915 Len=263"
"70","59.000186885","172.16.42.1","00694d61632d64652d4d61632e6c6f63616c0000007000008543266cff7f00000030dd12â\200\246","00694d61632d64652d4d61632e6c6f63616c0000007000008543266cff7f00000030dd12â\200\246","172.16.42.255","UDP","305","54915  >  54915 Len=263"
"71","60.073756961","172.16.42.1","00694d61632d64652d4d61632e6c6f63616c0000007000008543266cff7f00000030dd12â\200\246","00694d61632d64652d4d61632e6c6f63616c0000007000008543266cff7f00000030dd12â\200\246","172.16.42.255","UDP","305","54915  >  54915 Len=263"
"72","61.074049856","172.16.42.1","00694d61632d64652d4d61632e6c6f63616c0000007000008543266cff7f00000030dd12â\200\246","00694d61632d64652d4d61632e6c6f63616c0000007000008543266cff7f00000030dd12â\200\246","172.16.42.255","UDP","305","54915  >  54915 Len=263"
"73","62.075096488","172.16.42.1","00694d61632d64652d4d61632e6c6f63616c0000007000008543266cff7f00000030dd12â\200\246","00694d61632d64652d4d61632e6c6f63616c0000007000008543266cff7f00000030dd12â\200\246","172.16.42.255","UDP","305","54915  >  54915 Len=263"
"74","62.999778675","172.16.42.1","00694d61632d64652d4d61632e6c6f63616c0000007000008543266cff7f00000030dd12â\200\246","00694d61632d64652d4d61632e6c6f63616c0000007000008543266cff7f00000030dd12â\200\246","172.16.42.255","UDP","305","54915  >  54915 Len=263"
"75","64.000113501","172.16.42.1","00694d61632d64652d4d61632e6c6f63616c0000007000008543266cff7f00000030dd12â\200\246","00694d61632d64652d4d61632e6c6f63616c0000007000008543266cff7f00000030dd12â\200\246","172.16.42.255","UDP","305","54915  >  54915 Len=263"
"76","65.074845346","172.16.42.1","00694d61632d64652d4d61632e6c6f63616c0000007000008543266cff7f00000030dd12â\200\246","00694d61632d64652d4d61632e6c6f63616c0000007000008543266cff7f00000030dd12â\200\246","172.16.42.255","UDP","305","54915  >  54915 Len=263"
"77","65.999762613","172.16.42.1","00694d61632d64652d4d61632e6c6f63616c0000007000008543266cff7f00000030dd12â\200\246","00694d61632d64652d4d61632e6c6f63616c0000007000008543266cff7f00000030dd12â\200\246","172.16.42.255","UDP","305","54915  >  54915 Len=263"
"78","67.000216013","172.16.42.1","00694d61632d64652d4d61632e6c6f63616c0000007000008543266cff7f00000030dd12â\200\246","00694d61632d64652d4d61632e6c6f63616c0000007000008543266cff7f00000030dd12â\200\246","172.16.42.255","UDP","305","54915  >  54915 Len=263"
"79","67.999866658","172.16.42.1","00694d61632d64652d4d61632e6c6f63616c0000007000008543266cff7f00000030dd12â\200\246","00694d61632d64652d4d61632e6c6f63616c0000007000008543266cff7f00000030dd12â\200\246","172.16.42.255","UDP","305","54915  >  54915 Len=263"
"80","68.998971368","172.16.42.1","00694d61632d64652d4d61632e6c6f63616c0000007000008543266cff7f00000030dd12â\200\246","00694d61632d64652d4d61632e6c6f63616c0000007000008543266cff7f00000030dd12â\200\246","172.16.42.255","UDP","305","54915  >  54915 Len=263"
"81","70.000577899","172.16.42.1","00694d61632d64652d4d61632e6c6f63616c0000007000008543266cff7f00000030dd12â\200\246","00694d61632d64652d4d61632e6c6f63616c0000007000008543266cff7f00000030dd12â\200\246","172.16.42.255","UDP","305","54915  >  54915 Len=263"
"82","71.073800905","172.16.42.1","00694d61632d64652d4d61632e6c6f63616c0000007000008543266cff7f00000030dd12â\200\246","00694d61632d64652d4d61632e6c6f63616c0000007000008543266cff7f00000030dd12â\200\246","172.16.42.255","UDP","305","54915  >  54915 Len=263"
"83","71.829041320","172.16.42.1","53706f7455647030e62bce4ad9ea665a000100044895c203645c89390e8e6c535da3950câ\200\246","53706f7455647030e62bce4ad9ea665a000100044895c203645c89390e8e6c535da3950câ\200\246","172.16.42.255","UDP","86","57621  >  57621 Len=44"
"84","72.073615940","172.16.42.1","00694d61632d64652d4d61632e6c6f63616c0000007000008543266cff7f00000030dd12â\200\246","00694d61632d64652d4d61632e6c6f63616c0000007000008543266cff7f00000030dd12â\200\246","172.16.42.255","UDP","305","54915  >  54915 Len=263"
"85","73.074111066","172.16.42.1","00694d61632d64652d4d61632e6c6f63616c0000007000008543266cff7f00000030dd12â\200\246","00694d61632d64652d4d61632e6c6f63616c0000007000008543266cff7f00000030dd12â\200\246","172.16.42.255","UDP","305","54915  >  54915 Len=263"
"86","74.074799880","172.16.42.1","00694d61632d64652d4d61632e6c6f63616c0000007000008543266cff7f00000030dd12â\200\246","00694d61632d64652d4d61632e6c6f63616c0000007000008543266cff7f00000030dd12â\200\246","172.16.42.255","UDP","305","54915  >  54915 Len=263"
"87","75.074045239","172.16.42.1","00694d61632d64652d4d61632e6c6f63616c0000007000008543266cff7f00000030dd12â\200\246","00694d61632d64652d4d61632e6c6f63616c0000007000008543266cff7f00000030dd12â\200\246","172.16.42.255","UDP","305","54915  >  54915 Len=263"
"88","76.073495427","172.16.42.1","00694d61632d64652d4d61632e6c6f63616c0000007000008543266cff7f00000030dd12â\200\246","00694d61632d64652d4d61632e6c6f63616c0000007000008543266cff7f00000030dd12â\200\246","172.16.42.255","UDP","305","54915  >  54915 Len=263"
"89","77.074048295","172.16.42.1","00694d61632d64652d4d61632e6c6f63616c0000007000008543266cff7f00000030dd12â\200\246","00694d61632d64652d4d61632e6c6f63616c0000007000008543266cff7f00000030dd12â\200\246","172.16.42.255","UDP","305","54915  >  54915 Len=263"
"90","78.073720879","172.16.42.1","00694d61632d64652d4d61632e6c6f63616c0000007000008543266cff7f00000030dd12â\200\246","00694d61632d64652d4d61632e6c6f63616c0000007000008543266cff7f00000030dd12â\200\246","172.16.42.255","UDP","305","54915  >  54915 Len=263"
"91","79.074022639","172.16.42.1","00694d61632d64652d4d61632e6c6f63616c0000007000008543266cff7f00000030dd12â\200\246","00694d61632d64652d4d61632e6c6f63616c0000007000008543266cff7f00000030dd12â\200\246","172.16.42.255","UDP","305","54915  >  54915 Len=263"
"92","80.072982774","172.16.42.1","00694d61632d64652d4d61632e6c6f63616c0000007000008543266cff7f00000030dd12â\200\246","00694d61632d64652d4d61632e6c6f63616c0000007000008543266cff7f00000030dd12â\200\246","172.16.42.255","UDP","305","54915  >  54915 Len=263"
"93","81.072053857","172.16.42.1","00694d61632d64652d4d61632e6c6f63616c0000007000008543266cff7f00000030dd12â\200\246","00694d61632d64652d4d61632e6c6f63616c0000007000008543266cff7f00000030dd12â\200\246","172.16.42.255","UDP","305","54915  >  54915 Len=263"
"94","82.073235989","172.16.42.1","00694d61632d64652d4d61632e6c6f63616c0000007000008543266cff7f00000030dd12â\200\246","00694d61632d64652d4d61632e6c6f63616c0000007000008543266cff7f00000030dd12â\200\246","172.16.42.255","UDP","305","54915  >  54915 Len=263"
"95","83.073439058","172.16.42.1","00694d61632d64652d4d61632e6c6f63616c0000007000008543266cff7f00000030dd12â\200\246","00694d61632d64652d4d61632e6c6f63616c0000007000008543266cff7f00000030dd12â\200\246","172.16.42.255","UDP","305","54915  >  54915 Len=263"
"96","84.073581010","172.16.42.1","00694d61632d64652d4d61632e6c6f63616c0000007000008543266cff7f00000030dd12â\200\246","00694d61632d64652d4d61632e6c6f63616c0000007000008543266cff7f00000030dd12â\200\246","172.16.42.255","UDP","305","54915  >  54915 Len=263"
"97","85.073000266","172.16.42.1","00694d61632d64652d4d61632e6c6f63616c0000007000008543266cff7f00000030dd12â\200\246","00694d61632d64652d4d61632e6c6f63616c0000007000008543266cff7f00000030dd12â\200\246","172.16.42.255","UDP","305","54915  >  54915 Len=263"
"98","86.073037432","172.16.42.1","00694d61632d64652d4d61632e6c6f63616c0000007000008543266cff7f00000030dd12â\200\246","00694d61632d64652d4d61632e6c6f63616c0000007000008543266cff7f00000030dd12â\200\246","172.16.42.255","UDP","305","54915  >  54915 Len=263"
"99","86.543658069","172.16.42.139","","","172.16.42.255","BROWSER","278","Local Master Announcement SERVER, Workstation, Server, Print Queue Server, Xenix Server, NT Workstation, NT Server, Master Browser"
"100","86.543692907","172.16.42.139","","","172.16.42.255","BROWSER","249","Domain/Workgroup Announcement WORKGROUP, NT Workstation, Domain Enum"
"101","87.072092213","172.16.42.1","00694d61632d64652d4d61632e6c6f63616c0000007000008543266cff7f00000030dd12â\200\246","00694d61632d64652d4d61632e6c6f63616c0000007000008543266cff7f00000030dd12â\200\246","172.16.42.255","UDP","305","54915  >  54915 Len=263"
"102","88.072615750","172.16.42.1","00694d61632d64652d4d61632e6c6f63616c0000007000008543266cff7f00000030dd12â\200\246","00694d61632d64652d4d61632e6c6f63616c0000007000008543266cff7f00000030dd12â\200\246","172.16.42.255","UDP","305","54915  >  54915 Len=263"
"103","89.072855175","172.16.42.1","00694d61632d64652d4d61632e6c6f63616c0000007000008543266cff7f00000030dd12â\200\246","00694d61632d64652d4d61632e6c6f63616c0000007000008543266cff7f00000030dd12â\200\246","172.16.42.255","UDP","305","54915  >  54915 Len=263"
"104","90.072086916","172.16.42.1","00694d61632d64652d4d61632e6c6f63616c0000007000008543266cff7f00000030dd12â\200\246","00694d61632d64652d4d61632e6c6f63616c0000007000008543266cff7f00000030dd12â\200\246","172.16.42.255","UDP","305","54915  >  54915 Len=263"
"105","90.997924338","172.16.42.1","00694d61632d64652d4d61632e6c6f63616c0000007000008543266cff7f00000030dd12â\200\246","00694d61632d64652d4d61632e6c6f63616c0000007000008543266cff7f00000030dd12â\200\246","172.16.42.255","UDP","305","54915  >  54915 Len=263"
"106","92.071359053","172.16.42.1","00694d61632d64652d4d61632e6c6f63616c0000007000008543266cff7f00000030dd12â\200\246","00694d61632d64652d4d61632e6c6f63616c0000007000008543266cff7f00000030dd12â\200\246","172.16.42.255","UDP","305","54915  >  54915 Len=263"
"107","92.997189562","172.16.42.1","00694d61632d64652d4d61632e6c6f63616c0000007000008543266cff7f00000030dd12â\200\246","00694d61632d64652d4d61632e6c6f63616c0000007000008543266cff7f00000030dd12â\200\246","172.16.42.255","UDP","305","54915  >  54915 Len=263"
"108","93.997626626","172.16.42.1","00694d61632d64652d4d61632e6c6f63616c0000007000008543266cff7f00000030dd12â\200\246","00694d61632d64652d4d61632e6c6f63616c0000007000008543266cff7f00000030dd12â\200\246","172.16.42.255","UDP","305","54915  >  54915 Len=263"
"109","94.997211468","172.16.42.1","00694d61632d64652d4d61632e6c6f63616c0000007000008543266cff7f00000030dd12â\200\246","00694d61632d64652d4d61632e6c6f63616c0000007000008543266cff7f00000030dd12â\200\246","172.16.42.255","UDP","305","54915  >  54915 Len=263"
"110","95.997052826","172.16.42.1","00694d61632d64652d4d61632e6c6f63616c0000007000008543266cff7f00000030dd12â\200\246","00694d61632d64652d4d61632e6c6f63616c0000007000008543266cff7f00000030dd12â\200\246","172.16.42.255","UDP","305","54915  >  54915 Len=263"
"111","97.035810890","172.16.42.1","00694d61632d64652d4d61632e6c6f63616c0000007000008543266cff7f00000030dd12â\200\246","00694d61632d64652d4d61632e6c6f63616c0000007000008543266cff7f00000030dd12â\200\246","172.16.42.255","UDP","305","54915  >  54915 Len=263"
"112","97.997177936","172.16.42.1","00694d61632d64652d4d61632e6c6f63616c0000007000008543266cff7f00000030dd12â\200\246","00694d61632d64652d4d61632e6c6f63616c0000007000008543266cff7f00000030dd12â\200\246","172.16.42.255","UDP","305","54915  >  54915 Len=263"
"113","99.071080620","172.16.42.1","00694d61632d64652d4d61632e6c6f63616c0000007000008543266cff7f00000030dd12â\200\246","00694d61632d64652d4d61632e6c6f63616c0000007000008543266cff7f00000030dd12â\200\246","172.16.42.255","UDP","305","54915  >  54915 Len=263"
"114","100.071495533","172.16.42.1","00694d61632d64652d4d61632e6c6f63616c0000007000008543266cff7f00000030dd12â\200\246","00694d61632d64652d4d61632e6c6f63616c0000007000008543266cff7f00000030dd12â\200\246","172.16.42.255","UDP","305","54915  >  54915 Len=263"
"115","100.996945859","172.16.42.1","00694d61632d64652d4d61632e6c6f63616c0000007000008543266cff7f00000030dd12â\200\246","00694d61632d64652d4d61632e6c6f63616c0000007000008543266cff7f00000030dd12â\200\246","172.16.42.255","UDP","305","54915  >  54915 Len=263"
"116","101.867735492","172.16.42.1","53706f7455647030e62bce4ad9ea665a000100044895c203645c89390e8e6c535da3950câ\200\246","53706f7455647030e62bce4ad9ea665a000100044895c203645c89390e8e6c535da3950câ\200\246","172.16.42.255","UDP","86","57621  >  57621 Len=44"
"117","102.070613798","172.16.42.1","00694d61632d64652d4d61632e6c6f63616c0000007000008543266cff7f00000030dd12â\200\246","00694d61632d64652d4d61632e6c6f63616c0000007000008543266cff7f00000030dd12â\200\246","172.16.42.255","UDP","305","54915  >  54915 Len=263"
"118","103.071852309","172.16.42.1","00694d61632d64652d4d61632e6c6f63616c0000007000008543266cff7f00000030dd12â\200\246","00694d61632d64652d4d61632e6c6f63616c0000007000008543266cff7f00000030dd12â\200\246","172.16.42.255","UDP","305","54915  >  54915 Len=263"
"119","103.996509215","172.16.42.1","00694d61632d64652d4d61632e6c6f63616c0000007000008543266cff7f00000030dd12â\200\246","00694d61632d64652d4d61632e6c6f63616c0000007000008543266cff7f00000030dd12â\200\246","172.16.42.255","UDP","305","54915  >  54915 Len=263"
"120","105.066971047","172.16.42.1","00694d61632d64652d4d61632e6c6f63616c0000007000008543266cff7f00000030dd12â\200\246","00694d61632d64652d4d61632e6c6f63616c0000007000008543266cff7f00000030dd12â\200\246","172.16.42.255","UDP","305","54915  >  54915 Len=263"
"121","106.070268187","172.16.42.1","00694d61632d64652d4d61632e6c6f63616c0000007000008543266cff7f00000030dd12â\200\246","00694d61632d64652d4d61632e6c6f63616c0000007000008543266cff7f00000030dd12â\200\246","172.16.42.255","UDP","305","54915  >  54915 Len=263"
"122","107.070845127","172.16.42.1","00694d61632d64652d4d61632e6c6f63616c0000007000008543266cff7f00000030dd12â\200\246","00694d61632d64652d4d61632e6c6f63616c0000007000008543266cff7f00000030dd12â\200\246","172.16.42.255","UDP","305","54915  >  54915 Len=263"
"123","108.069853850","172.16.42.1","00694d61632d64652d4d61632e6c6f63616c0000007000008543266cff7f00000030dd12â\200\246","00694d61632d64652d4d61632e6c6f63616c0000007000008543266cff7f00000030dd12â\200\246","172.16.42.255","UDP","305","54915  >  54915 Len=263"
"124","109.070385134","172.16.42.1","00694d61632d64652d4d61632e6c6f63616c0000007000008543266cff7f00000030dd12â\200\246","00694d61632d64652d4d61632e6c6f63616c0000007000008543266cff7f00000030dd12â\200\246","172.16.42.255","UDP","305","54915  >  54915 Len=263"
"125","110.070303707","172.16.42.1","00694d61632d64652d4d61632e6c6f63616c0000007000008543266cff7f00000030dd12â\200\246","00694d61632d64652d4d61632e6c6f63616c0000007000008543266cff7f00000030dd12â\200\246","172.16.42.255","UDP","305","54915  >  54915 Len=263"
"126","110.995876954","172.16.42.1","00694d61632d64652d4d61632e6c6f63616c0000007000008543266cff7f00000030dd12â\200\246","00694d61632d64652d4d61632e6c6f63616c0000007000008543266cff7f00000030dd12â\200\246","172.16.42.255","UDP","305","54915  >  54915 Len=263"
"127","111.995341917","172.16.42.1","00694d61632d64652d4d61632e6c6f63616c0000007000008543266cff7f00000030dd12â\200\246","00694d61632d64652d4d61632e6c6f63616c0000007000008543266cff7f00000030dd12â\200\246","172.16.42.255","UDP","305","54915  >  54915 Len=263"
"128","113.070462164","172.16.42.1","00694d61632d64652d4d61632e6c6f63616c0000007000008543266cff7f00000030dd12â\200\246","00694d61632d64652d4d61632e6c6f63616c0000007000008543266cff7f00000030dd12â\200\246","172.16.42.255","UDP","305","54915  >  54915 Len=263"
"129","114.069873606","172.16.42.1","00694d61632d64652d4d61632e6c6f63616c0000007000008543266cff7f00000030dd12â\200\246","00694d61632d64652d4d61632e6c6f63616c0000007000008543266cff7f00000030dd12â\200\246","172.16.42.255","UDP","305","54915  >  54915 Len=263"
"130","115.047005161","172.16.42.1","00694d61632d64652d4d61632e6c6f63616c0000007000008543266cff7f00000030dd12â\200\246","00694d61632d64652d4d61632e6c6f63616c0000007000008543266cff7f00000030dd12â\200\246","172.16.42.255","UDP","305","54915  >  54915 Len=263"
"131","116.069979285","172.16.42.1","00694d61632d64652d4d61632e6c6f63616c0000007000008543266cff7f00000030dd12â\200\246","00694d61632d64652d4d61632e6c6f63616c0000007000008543266cff7f00000030dd12â\200\246","172.16.42.255","UDP","305","54915  >  54915 Len=263"
"132","116.995762546","172.16.42.1","00694d61632d64652d4d61632e6c6f63616c0000007000008543266cff7f00000030dd12â\200\246","00694d61632d64652d4d61632e6c6f63616c0000007000008543266cff7f00000030dd12â\200\246","172.16.42.255","UDP","305","54915  >  54915 Len=263"
"133","118.068166013","172.16.42.1","00694d61632d64652d4d61632e6c6f63616c0000007000008543266cff7f00000030dd12â\200\246","00694d61632d64652d4d61632e6c6f63616c0000007000008543266cff7f00000030dd12â\200\246","172.16.42.255","UDP","305","54915  >  54915 Len=263"
"134","118.994133356","172.16.42.1","00694d61632d64652d4d61632e6c6f63616c0000007000008543266cff7f00000030dd12â\200\246","00694d61632d64652d4d61632e6c6f63616c0000007000008543266cff7f00000030dd12â\200\246","172.16.42.255","UDP","305","54915  >  54915 Len=263"
"135","120.069742476","172.16.42.1","00694d61632d64652d4d61632e6c6f63616c0000007000008543266cff7f00000030dd12â\200\246","00694d61632d64652d4d61632e6c6f63616c0000007000008543266cff7f00000030dd12â\200\246","172.16.42.255","UDP","305","54915  >  54915 Len=263"
"136","120.994642965","172.16.42.1","00694d61632d64652d4d61632e6c6f63616c0000007000008543266cff7f00000030dd12â\200\246","00694d61632d64652d4d61632e6c6f63616c0000007000008543266cff7f00000030dd12â\200\246","172.16.42.255","UDP","305","54915  >  54915 Len=263"
"137","122.068121200","172.16.42.1","00694d61632d64652d4d61632e6c6f63616c0000007000008543266cff7f00000030dd12â\200\246","00694d61632d64652d4d61632e6c6f63616c0000007000008543266cff7f00000030dd12â\200\246","172.16.42.255","UDP","305","54915  >  54915 Len=263"
"138","123.068203265","172.16.42.1","00694d61632d64652d4d61632e6c6f63616c0000007000008543266cff7f00000030dd12â\200\246","00694d61632d64652d4d61632e6c6f63616c0000007000008543266cff7f00000030dd12â\200\246","172.16.42.255","UDP","305","54915  >  54915 Len=263"
"139","124.068341751","172.16.42.1","00694d61632d64652d4d61632e6c6f63616c0000007000008543266cff7f00000030dd12â\200\246","00694d61632d64652d4d61632e6c6f63616c0000007000008543266cff7f00000030dd12â\200\246","172.16.42.255","UDP","305","54915  >  54915 Len=263"
"140","124.993673683","172.16.42.1","00694d61632d64652d4d61632e6c6f63616c0000007000008543266cff7f00000030dd12â\200\246","00694d61632d64652d4d61632e6c6f63616c0000007000008543266cff7f00000030dd12â\200\246","172.16.42.255","UDP","305","54915  >  54915 Len=263"
"141","126.068835966","172.16.42.1","00694d61632d64652d4d61632e6c6f63616c0000007000008543266cff7f00000030dd12â\200\246","00694d61632d64652d4d61632e6c6f63616c0000007000008543266cff7f00000030dd12â\200\246","172.16.42.255","UDP","305","54915  >  54915 Len=263"
"142","126.993450187","172.16.42.1","00694d61632d64652d4d61632e6c6f63616c0000007000008543266cff7f00000030dd12â\200\246","00694d61632d64652d4d61632e6c6f63616c0000007000008543266cff7f00000030dd12â\200\246","172.16.42.255","UDP","305","54915  >  54915 Len=263"
"143","128.067302184","172.16.42.1","00694d61632d64652d4d61632e6c6f63616c0000007000008543266cff7f00000030dd12â\200\246","00694d61632d64652d4d61632e6c6f63616c0000007000008543266cff7f00000030dd12â\200\246","172.16.42.255","UDP","305","54915  >  54915 Len=263"
"144","129.068169427","172.16.42.1","00694d61632d64652d4d61632e6c6f63616c0000007000008543266cff7f00000030dd12â\200\246","00694d61632d64652d4d61632e6c6f63616c0000007000008543266cff7f00000030dd12â\200\246","172.16.42.255","UDP","305","54915  >  54915 Len=263"
"145","129.480113015","172.16.42.1","","","mdns.mcast.net","MDNS","87","Standard query 0x0000 PTR _spotify-connect._tcp.local, ""QM"" question"
"146","130.067700137","172.16.42.1","00694d61632d64652d4d61632e6c6f63616c0000007000008543266cff7f00000030dd12â\200\246","00694d61632d64652d4d61632e6c6f63616c0000007000008543266cff7f00000030dd12â\200\246","172.16.42.255","UDP","305","54915  >  54915 Len=263"
"147","131.068434390","172.16.42.1","00694d61632d64652d4d61632e6c6f63616c0000007000008543266cff7f00000030dd12â\200\246","00694d61632d64652d4d61632e6c6f63616c0000007000008543266cff7f00000030dd12â\200\246","172.16.42.255","UDP","305","54915  >  54915 Len=263"
"148","131.404486213","172.16.42.1","","","239.255.255.250","SSDP","167","M-SEARCH * HTTP/1.1 "
"149","131.870178751","172.16.42.1","53706f7455647030e62bce4ad9ea665a000100044895c203645c89390e8e6c535da3950câ\200\246","53706f7455647030e62bce4ad9ea665a000100044895c203645c89390e8e6c535da3950câ\200\246","172.16.42.255","UDP","86","57621  >  57621 Len=44"
"150","132.068362014","172.16.42.1","00694d61632d64652d4d61632e6c6f63616c0000007000008543266cff7f00000030dd12â\200\246","00694d61632d64652d4d61632e6c6f63616c0000007000008543266cff7f00000030dd12â\200\246","172.16.42.255","UDP","305","54915  >  54915 Len=263"
"151","133.067872239","172.16.42.1","00694d61632d64652d4d61632e6c6f63616c0000007000008543266cff7f00000030dd12â\200\246","00694d61632d64652d4d61632e6c6f63616c0000007000008543266cff7f00000030dd12â\200\246","172.16.42.255","UDP","305","54915  >  54915 Len=263"
"152","134.068338661","172.16.42.1","00694d61632d64652d4d61632e6c6f63616c0000007000008543266cff7f00000030dd12â\200\246","00694d61632d64652d4d61632e6c6f63616c0000007000008543266cff7f00000030dd12â\200\246","172.16.42.255","UDP","305","54915  >  54915 Len=263"
"153","135.067951610","172.16.42.1","00694d61632d64652d4d61632e6c6f63616c0000007000008543266cff7f00000030dd12â\200\246","00694d61632d64652d4d61632e6c6f63616c0000007000008543266cff7f00000030dd12â\200\246","172.16.42.255","UDP","305","54915  >  54915 Len=263"
"154","135.937659662","172.16.42.1","53706f7455647030e62bce4ad9ea665a000100044895c203645c89390e8e6c535da3950câ\200\246","53706f7455647030e62bce4ad9ea665a000100044895c203645c89390e8e6c535da3950câ\200\246","172.16.42.255","UDP","86","57621  >  57621 Len=44"
"155","136.068387484","172.16.42.1","00694d61632d64652d4d61632e6c6f63616c0000007000008543266cff7f00000030dd12â\200\246","00694d61632d64652d4d61632e6c6f63616c0000007000008543266cff7f00000030dd12â\200\246","172.16.42.255","UDP","305","54915  >  54915 Len=263"
"156","136.994013319","172.16.42.1","00694d61632d64652d4d61632e6c6f63616c0000007000008543266cff7f00000030dd12â\200\246","00694d61632d64652d4d61632e6c6f63616c0000007000008543266cff7f00000030dd12â\200\246","172.16.42.255","UDP","305","54915  >  54915 Len=263"
"157","138.067831244","172.16.42.1","00694d61632d64652d4d61632e6c6f63616c0000007000008543266cff7f00000030dd12â\200\246","00694d61632d64652d4d61632e6c6f63616c0000007000008543266cff7f00000030dd12â\200\246","172.16.42.255","UDP","305","54915  >  54915 Len=263"
"158","139.068691750","172.16.42.1","00694d61632d64652d4d61632e6c6f63616c0000007000008543266cff7f00000030dd12â\200\246","00694d61632d64652d4d61632e6c6f63616c0000007000008543266cff7f00000030dd12â\200\246","172.16.42.255","UDP","305","54915  >  54915 Len=263"
"159","140.067446141","172.16.42.1","00694d61632d64652d4d61632e6c6f63616c0000007000008543266cff7f00000030dd12â\200\246","00694d61632d64652d4d61632e6c6f63616c0000007000008543266cff7f00000030dd12â\200\246","172.16.42.255","UDP","305","54915  >  54915 Len=263"
"160","140.993503469","172.16.42.1","00694d61632d64652d4d61632e6c6f63616c0000007000008543266cff7f00000030dd12â\200\246","00694d61632d64652d4d61632e6c6f63616c0000007000008543266cff7f00000030dd12â\200\246","172.16.42.255","UDP","305","54915  >  54915 Len=263"
"161","142.067110998","172.16.42.1","00694d61632d64652d4d61632e6c6f63616c0000007000008543266cff7f00000030dd12â\200\246","00694d61632d64652d4d61632e6c6f63616c0000007000008543266cff7f00000030dd12â\200\246","172.16.42.255","UDP","305","54915  >  54915 Len=263"
"162","143.068096180","172.16.42.1","00694d61632d64652d4d61632e6c6f63616c0000007000008543266cff7f00000030dd12â\200\246","00694d61632d64652d4d61632e6c6f63616c0000007000008543266cff7f00000030dd12â\200\246","172.16.42.255","UDP","305","54915  >  54915 Len=263"
"163","143.993958520","172.16.42.1","00694d61632d64652d4d61632e6c6f63616c0000007000008543266cff7f00000030dd12â\200\246","00694d61632d64652d4d61632e6c6f63616c0000007000008543266cff7f00000030dd12â\200\246","172.16.42.255","UDP","305","54915  >  54915 Len=263"
"164","145.069520229","172.16.42.1","00694d61632d64652d4d61632e6c6f63616c0000007000008543266cff7f00000030dd12â\200\246","00694d61632d64652d4d61632e6c6f63616c0000007000008543266cff7f00000030dd12â\200\246","172.16.42.255","UDP","305","54915  >  54915 Len=263"
"165","146.068007157","172.16.42.1","00694d61632d64652d4d61632e6c6f63616c0000007000008543266cff7f00000030dd12â\200\246","00694d61632d64652d4d61632e6c6f63616c0000007000008543266cff7f00000030dd12â\200\246","172.16.42.255","UDP","305","54915  >  54915 Len=263"
"166","147.067187624","172.16.42.1","00694d61632d64652d4d61632e6c6f63616c0000007000008543266cff7f00000030dd12â\200\246","00694d61632d64652d4d61632e6c6f63616c0000007000008543266cff7f00000030dd12â\200\246","172.16.42.255","UDP","305","54915  >  54915 Len=263"
"167","148.068010558","172.16.42.1","00694d61632d64652d4d61632e6c6f63616c0000007000008543266cff7f00000030dd12â\200\246","00694d61632d64652d4d61632e6c6f63616c0000007000008543266cff7f00000030dd12â\200\246","172.16.42.255","UDP","305","54915  >  54915 Len=263"
"168","148.994379962","172.16.42.1","00694d61632d64652d4d61632e6c6f63616c0000007000008543266cff7f00000030dd12â\200\246","00694d61632d64652d4d61632e6c6f63616c0000007000008543266cff7f00000030dd12â\200\246","172.16.42.255","UDP","305","54915  >  54915 Len=263"
"169","150.068407794","172.16.42.1","00694d61632d64652d4d61632e6c6f63616c0000007000008543266cff7f00000030dd12â\200\246","00694d61632d64652d4d61632e6c6f63616c0000007000008543266cff7f00000030dd12â\200\246","172.16.42.255","UDP","305","54915  >  54915 Len=263"
"170","151.068936512","172.16.42.1","00694d61632d64652d4d61632e6c6f63616c0000007000008543266cff7f00000030dd12â\200\246","00694d61632d64652d4d61632e6c6f63616c0000007000008543266cff7f00000030dd12â\200\246","172.16.42.255","UDP","305","54915  >  54915 Len=263"
"171","152.067651805","172.16.42.1","00694d61632d64652d4d61632e6c6f63616c0000007000008543266cff7f00000030dd12â\200\246","00694d61632d64652d4d61632e6c6f63616c0000007000008543266cff7f00000030dd12â\200\246","172.16.42.255","UDP","305","54915  >  54915 Len=263"
"172","152.994142411","172.16.42.1","00694d61632d64652d4d61632e6c6f63616c0000007000008543266cff7f00000030dd12â\200\246","00694d61632d64652d4d61632e6c6f63616c0000007000008543266cff7f00000030dd12â\200\246","172.16.42.255","UDP","305","54915  >  54915 Len=263"
"173","153.993652763","172.16.42.1","00694d61632d64652d4d61632e6c6f63616c0000007000008543266cff7f00000030dd12â\200\246","00694d61632d64652d4d61632e6c6f63616c0000007000008543266cff7f00000030dd12â\200\246","172.16.42.255","UDP","305","54915  >  54915 Len=263"
"174","155.068399627","172.16.42.1","00694d61632d64652d4d61632e6c6f63616c0000007000008543266cff7f00000030dd12â\200\246","00694d61632d64652d4d61632e6c6f63616c0000007000008543266cff7f00000030dd12â\200\246","172.16.42.255","UDP","305","54915  >  54915 Len=263"
"175","156.068038422","172.16.42.1","00694d61632d64652d4d61632e6c6f63616c0000007000008543266cff7f00000030dd12â\200\246","00694d61632d64652d4d61632e6c6f63616c0000007000008543266cff7f00000030dd12â\200\246","172.16.42.255","UDP","305","54915  >  54915 Len=263"
"176","156.993437835","172.16.42.1","00694d61632d64652d4d61632e6c6f63616c0000007000008543266cff7f00000030dd12â\200\246","00694d61632d64652d4d61632e6c6f63616c0000007000008543266cff7f00000030dd12â\200\246","172.16.42.255","UDP","305","54915  >  54915 Len=263"
"177","158.010265257","172.16.42.1","00694d61632d64652d4d61632e6c6f63616c0000007000008543266cff7f00000030dd12â\200\246","00694d61632d64652d4d61632e6c6f63616c0000007000008543266cff7f00000030dd12â\200\246","172.16.42.255","UDP","305","54915  >  54915 Len=263"
"178","159.068671083","172.16.42.1","00694d61632d64652d4d61632e6c6f63616c0000007000008543266cff7f00000030dd12â\200\246","00694d61632d64652d4d61632e6c6f63616c0000007000008543266cff7f00000030dd12â\200\246","172.16.42.255","UDP","305","54915  >  54915 Len=263"
"179","160.067410998","172.16.42.1","00694d61632d64652d4d61632e6c6f63616c0000007000008543266cff7f00000030dd12â\200\246","00694d61632d64652d4d61632e6c6f63616c0000007000008543266cff7f00000030dd12â\200\246","172.16.42.255","UDP","305","54915  >  54915 Len=263"
"180","161.068325364","172.16.42.1","00694d61632d64652d4d61632e6c6f63616c0000007000008543266cff7f00000030dd12â\200\246","00694d61632d64652d4d61632e6c6f63616c0000007000008543266cff7f00000030dd12â\200\246","172.16.42.255","UDP","305","54915  >  54915 Len=263"
"181","162.068366541","172.16.42.1","00694d61632d64652d4d61632e6c6f63616c0000007000008543266cff7f00000030dd12â\200\246","00694d61632d64652d4d61632e6c6f63616c0000007000008543266cff7f00000030dd12â\200\246","172.16.42.255","UDP","305","54915  >  54915 Len=263"
"182","163.068726078","172.16.42.1","00694d61632d64652d4d61632e6c6f63616c0000007000008543266cff7f00000030dd12â\200\246","00694d61632d64652d4d61632e6c6f63616c0000007000008543266cff7f00000030dd12â\200\246","172.16.42.255","UDP","305","54915  >  54915 Len=263"
"183","164.068162330","172.16.42.1","00694d61632d64652d4d61632e6c6f63616c0000007000008543266cff7f00000030dd12â\200\246","00694d61632d64652d4d61632e6c6f63616c0000007000008543266cff7f00000030dd12â\200\246","172.16.42.255","UDP","305","54915  >  54915 Len=263"
"184","164.533733798","172.16.42.139","65752061696e6461206e616f20656e636f6e747265690a","65752061696e6461206e616f20656e636f6e747265690a","172.16.42.143","TCP","89","46962  >  hbci(3000) [PSH, ACK] Seq=1 Ack=30 Win=92 Len=23 TSval=4121137 TSecr=3667810055"
"185","164.533898201","172.16.42.143","","","172.16.42.139","TCP","66","hbci(3000)  >  46962 [ACK] Seq=30 Ack=24 Win=510 Len=0 TSval=3667938462 TSecr=4121137"
"186","164.992944972","172.16.42.1","00694d61632d64652d4d61632e6c6f63616c0000007000008543266cff7f00000030dd12â\200\246","00694d61632d64652d4d61632e6c6f63616c0000007000008543266cff7f00000030dd12â\200\246","172.16.42.255","UDP","305","54915  >  54915 Len=263"
"187","165.940669200","172.16.42.1","53706f7455647030e62bce4ad9ea665a000100044895c203645c89390e8e6c535da3950câ\200\246","53706f7455647030e62bce4ad9ea665a000100044895c203645c89390e8e6c535da3950câ\200\246","172.16.42.255","UDP","86","57621  >  57621 Len=44"
"188","166.067730156","172.16.42.1","00694d61632d64652d4d61632e6c6f63616c0000007000008543266cff7f00000030dd12â\200\246","00694d61632d64652d4d61632e6c6f63616c0000007000008543266cff7f00000030dd12â\200\246","172.16.42.255","UDP","305","54915  >  54915 Len=263"
"189","166.994163494","172.16.42.1","00694d61632d64652d4d61632e6c6f63616c0000007000008543266cff7f00000030dd12â\200\246","00694d61632d64652d4d61632e6c6f63616c0000007000008543266cff7f00000030dd12â\200\246","172.16.42.255","UDP","305","54915  >  54915 Len=263"
"190","167.997961238","172.16.42.1","00694d61632d64652d4d61632e6c6f63616c0000007000008543266cff7f00000030dd12â\200\246","00694d61632d64652d4d61632e6c6f63616c0000007000008543266cff7f00000030dd12â\200\246","172.16.42.255","UDP","305","54915  >  54915 Len=263"
"191","169.068865765","172.16.42.1","00694d61632d64652d4d61632e6c6f63616c0000007000008543266cff7f00000030dd12â\200\246","00694d61632d64652d4d61632e6c6f63616c0000007000008543266cff7f00000030dd12â\200\246","172.16.42.255","UDP","305","54915  >  54915 Len=263"
"192","169.695630239","VMware_aa:ae:e0","","","VMware_24:c6:30","ARP","42","Who has 172.16.42.139? Tell 172.16.42.143"
"193","169.696083099","VMware_24:c6:30","","","VMware_aa:ae:e0","ARP","60","172.16.42.139 is at 00:0c:29:24:c6:30"
"194","169.994215941","172.16.42.1","00694d61632d64652d4d61632e6c6f63616c0000007000008543266cff7f00000030dd12â\200\246","00694d61632d64652d4d61632e6c6f63616c0000007000008543266cff7f00000030dd12â\200\246","172.16.42.255","UDP","305","54915  >  54915 Len=263"
"195","171.067320560","172.16.42.1","00694d61632d64652d4d61632e6c6f63616c0000007000008543266cff7f00000030dd12â\200\246","00694d61632d64652d4d61632e6c6f63616c0000007000008543266cff7f00000030dd12â\200\246","172.16.42.255","UDP","305","54915  >  54915 Len=263"
"196","171.993376320","172.16.42.1","00694d61632d64652d4d61632e6c6f63616c0000007000008543266cff7f00000030dd12â\200\246","00694d61632d64652d4d61632e6c6f63616c0000007000008543266cff7f00000030dd12â\200\246","172.16.42.255","UDP","305","54915  >  54915 Len=263"
"197","173.068040485","172.16.42.1","00694d61632d64652d4d61632e6c6f63616c0000007000008543266cff7f00000030dd12â\200\246","00694d61632d64652d4d61632e6c6f63616c0000007000008543266cff7f00000030dd12â\200\246","172.16.42.255","UDP","305","54915  >  54915 Len=263"
"198","173.994151833","172.16.42.1","00694d61632d64652d4d61632e6c6f63616c0000007000008543266cff7f00000030dd12â\200\246","00694d61632d64652d4d61632e6c6f63616c0000007000008543266cff7f00000030dd12â\200\246","172.16.42.255","UDP","305","54915  >  54915 Len=263"
"199","175.068788752","172.16.42.1","00694d61632d64652d4d61632e6c6f63616c0000007000008543266cff7f00000030dd12â\200\246","00694d61632d64652d4d61632e6c6f63616c0000007000008543266cff7f00000030dd12â\200\246","172.16.42.255","UDP","305","54915  >  54915 Len=263"
"200","176.068731360","172.16.42.1","00694d61632d64652d4d61632e6c6f63616c0000007000008543266cff7f00000030dd12â\200\246","00694d61632d64652d4d61632e6c6f63616c0000007000008543266cff7f00000030dd12â\200\246","172.16.42.255","UDP","305","54915  >  54915 Len=263"
"201","177.067782099","172.16.42.1","00694d61632d64652d4d61632e6c6f63616c0000007000008543266cff7f00000030dd12â\200\246","00694d61632d64652d4d61632e6c6f63616c0000007000008543266cff7f00000030dd12â\200\246","172.16.42.255","UDP","305","54915  >  54915 Len=263"
"202","178.068958505","172.16.42.1","00694d61632d64652d4d61632e6c6f63616c0000007000008543266cff7f00000030dd12â\200\246","00694d61632d64652d4d61632e6c6f63616c0000007000008543266cff7f00000030dd12â\200\246","172.16.42.255","UDP","305","54915  >  54915 Len=263"
"203","179.068132740","172.16.42.1","00694d61632d64652d4d61632e6c6f63616c0000007000008543266cff7f00000030dd12â\200\246","00694d61632d64652d4d61632e6c6f63616c0000007000008543266cff7f00000030dd12â\200\246","172.16.42.255","UDP","305","54915  >  54915 Len=263"
"204","180.067898425","172.16.42.1","00694d61632d64652d4d61632e6c6f63616c0000007000008543266cff7f00000030dd12â\200\246","00694d61632d64652d4d61632e6c6f63616c0000007000008543266cff7f00000030dd12â\200\246","172.16.42.255","UDP","305","54915  >  54915 Len=263"
"205","181.069209560","172.16.42.1","00694d61632d64652d4d61632e6c6f63616c0000007000008543266cff7f00000030dd12â\200\246","00694d61632d64652d4d61632e6c6f63616c0000007000008543266cff7f00000030dd12â\200\246","172.16.42.255","UDP","305","54915  >  54915 Len=263"
"206","182.068812102","172.16.42.1","00694d61632d64652d4d61632e6c6f63616c0000007000008543266cff7f00000030dd12â\200\246","00694d61632d64652d4d61632e6c6f63616c0000007000008543266cff7f00000030dd12â\200\246","172.16.42.255","UDP","305","54915  >  54915 Len=263"
"207","183.068807825","172.16.42.1","00694d61632d64652d4d61632e6c6f63616c0000007000008543266cff7f00000030dd12â\200\246","00694d61632d64652d4d61632e6c6f63616c0000007000008543266cff7f00000030dd12â\200\246","172.16.42.255","UDP","305","54915  >  54915 Len=263"
"208","184.067331435","172.16.42.1","00694d61632d64652d4d61632e6c6f63616c0000007000008543266cff7f00000030dd12â\200\246","00694d61632d64652d4d61632e6c6f63616c0000007000008543266cff7f00000030dd12â\200\246","172.16.42.255","UDP","305","54915  >  54915 Len=263"
"209","185.067667577","172.16.42.1","00694d61632d64652d4d61632e6c6f63616c0000007000008543266cff7f00000030dd12â\200\246","00694d61632d64652d4d61632e6c6f63616c0000007000008543266cff7f00000030dd12â\200\246","172.16.42.255","UDP","305","54915  >  54915 Len=263"
"210","185.993189884","172.16.42.1","00694d61632d64652d4d61632e6c6f63616c0000007000008543266cff7f00000030dd12â\200\246","00694d61632d64652d4d61632e6c6f63616c0000007000008543266cff7f00000030dd12â\200\246","172.16.42.255","UDP","305","54915  >  54915 Len=263"
"211","187.068511335","172.16.42.1","00694d61632d64652d4d61632e6c6f63616c0000007000008543266cff7f00000030dd12â\200\246","00694d61632d64652d4d61632e6c6f63616c0000007000008543266cff7f00000030dd12â\200\246","172.16.42.255","UDP","305","54915  >  54915 Len=263"
"212","188.067440454","172.16.42.1","00694d61632d64652d4d61632e6c6f63616c0000007000008543266cff7f00000030dd12â\200\246","00694d61632d64652d4d61632e6c6f63616c0000007000008543266cff7f00000030dd12â\200\246","172.16.42.255","UDP","305","54915  >  54915 Len=263"
"213","189.067200494","172.16.42.1","00694d61632d64652d4d61632e6c6f63616c0000007000008543266cff7f00000030dd12â\200\246","00694d61632d64652d4d61632e6c6f63616c0000007000008543266cff7f00000030dd12â\200\246","172.16.42.255","UDP","305","54915  >  54915 Len=263"
"214","190.068536226","172.16.42.1","00694d61632d64652d4d61632e6c6f63616c0000007000008543266cff7f00000030dd12â\200\246","00694d61632d64652d4d61632e6c6f63616c0000007000008543266cff7f00000030dd12â\200\246","172.16.42.255","UDP","305","54915  >  54915 Len=263"
"215","190.333079689","172.16.42.143","746f2074656e74616e646f206573736120526b6c42554874584958497a4a476730636b74â\200\246","746f2074656e74616e646f206573736120526b6c42554874584958497a4a476730636b74â\200\246","172.16.42.139","TCP","109","hbci(3000)  >  46962 [PSH, ACK] Seq=30 Ack=24 Win=510 Len=43 TSval=3667964261 TSecr=4121137"
"216","190.333551269","172.16.42.139","","","172.16.42.143","TCP","66","46962  >  hbci(3000) [ACK] Seq=24 Ack=73 Win=92 Len=0 TSval=4123717 TSecr=3667964261"
"217","190.993596812","172.16.42.1","00694d61632d64652d4d61632e6c6f63616c0000007000008543266cff7f00000030dd12â\200\246","00694d61632d64652d4d61632e6c6f63616c0000007000008543266cff7f00000030dd12â\200\246","172.16.42.255","UDP","305","54915  >  54915 Len=263"
"218","192.068057382","172.16.42.1","00694d61632d64652d4d61632e6c6f63616c0000007000008543266cff7f00000030dd12â\200\246","00694d61632d64652d4d61632e6c6f63616c0000007000008543266cff7f00000030dd12â\200\246","172.16.42.255","UDP","305","54915  >  54915 Len=263"
"219","193.067687906","172.16.42.1","00694d61632d64652d4d61632e6c6f63616c0000007000008543266cff7f00000030dd12â\200\246","00694d61632d64652d4d61632e6c6f63616c0000007000008543266cff7f00000030dd12â\200\246","172.16.42.255","UDP","305","54915  >  54915 Len=263"
"220","194.067147632","172.16.42.1","00694d61632d64652d4d61632e6c6f63616c0000007000008543266cff7f00000030dd12â\200\246","00694d61632d64652d4d61632e6c6f63616c0000007000008543266cff7f00000030dd12â\200\246","172.16.42.255","UDP","305","54915  >  54915 Len=263"
"221","195.068808301","172.16.42.1","00694d61632d64652d4d61632e6c6f63616c0000007000008543266cff7f00000030dd12â\200\246","00694d61632d64652d4d61632e6c6f63616c0000007000008543266cff7f00000030dd12â\200\246","172.16.42.255","UDP","305","54915  >  54915 Len=263"
"222","195.550842030","VMware_aa:ae:e0","","","VMware_24:c6:30","ARP","42","Who has 172.16.42.139? Tell 172.16.42.143"
"223","195.551187174","VMware_24:c6:30","","","VMware_aa:ae:e0","ARP","60","172.16.42.139 is at 00:0c:29:24:c6:30"
"224","195.966723239","172.16.42.1","53706f7455647030e62bce4ad9ea665a000100044895c203645c89390e8e6c535da3950câ\200\246","53706f7455647030e62bce4ad9ea665a000100044895c203645c89390e8e6c535da3950câ\200\246","172.16.42.255","UDP","86","57621  >  57621 Len=44"
"225","196.067238989","172.16.42.1","00694d61632d64652d4d61632e6c6f63616c0000007000008543266cff7f00000030dd12â\200\246","00694d61632d64652d4d61632e6c6f63616c0000007000008543266cff7f00000030dd12â\200\246","172.16.42.255","UDP","305","54915  >  54915 Len=263"
"226","197.067418111","172.16.42.1","00694d61632d64652d4d61632e6c6f63616c0000007000008543266cff7f00000030dd12â\200\246","00694d61632d64652d4d61632e6c6f63616c0000007000008543266cff7f00000030dd12â\200\246","172.16.42.255","UDP","305","54915  >  54915 Len=263"
"227","198.066800347","172.16.42.1","00694d61632d64652d4d61632e6c6f63616c0000007000008543266cff7f00000030dd12â\200\246","00694d61632d64652d4d61632e6c6f63616c0000007000008543266cff7f00000030dd12â\200\246","172.16.42.255","UDP","305","54915  >  54915 Len=263"
"228","199.066988066","172.16.42.1","00694d61632d64652d4d61632e6c6f63616c0000007000008543266cff7f00000030dd12â\200\246","00694d61632d64652d4d61632e6c6f63616c0000007000008543266cff7f00000030dd12â\200\246","172.16.42.255","UDP","305","54915  >  54915 Len=263"
"229","200.066325247","172.16.42.1","00694d61632d64652d4d61632e6c6f63616c0000007000008543266cff7f00000030dd12â\200\246","00694d61632d64652d4d61632e6c6f63616c0000007000008543266cff7f00000030dd12â\200\246","172.16.42.255","UDP","305","54915  >  54915 Len=263"
"230","201.068321513","172.16.42.1","00694d61632d64652d4d61632e6c6f63616c0000007000008543266cff7f00000030dd12â\200\246","00694d61632d64652d4d61632e6c6f63616c0000007000008543266cff7f00000030dd12â\200\246","172.16.42.255","UDP","305","54915  >  54915 Len=263"
"231","202.067385724","172.16.42.1","00694d61632d64652d4d61632e6c6f63616c0000007000008543266cff7f00000030dd12â\200\246","00694d61632d64652d4d61632e6c6f63616c0000007000008543266cff7f00000030dd12â\200\246","172.16.42.255","UDP","305","54915  >  54915 Len=263"
"232","203.067585337","172.16.42.1","00694d61632d64652d4d61632e6c6f63616c0000007000008543266cff7f00000030dd12â\200\246","00694d61632d64652d4d61632e6c6f63616c0000007000008543266cff7f00000030dd12â\200\246","172.16.42.255","UDP","305","54915  >  54915 Len=263"
"233","204.067415391","172.16.42.1","00694d61632d64652d4d61632e6c6f63616c0000007000008543266cff7f00000030dd12â\200\246","00694d61632d64652d4d61632e6c6f63616c0000007000008543266cff7f00000030dd12â\200\246","172.16.42.255","UDP","305","54915  >  54915 Len=263"
"234","205.066907252","172.16.42.1","00694d61632d64652d4d61632e6c6f63616c0000007000008543266cff7f00000030dd12â\200\246","00694d61632d64652d4d61632e6c6f63616c0000007000008543266cff7f00000030dd12â\200\246","172.16.42.255","UDP","305","54915  >  54915 Len=263"
"235","206.066409865","172.16.42.1","00694d61632d64652d4d61632e6c6f63616c0000007000008543266cff7f00000030dd12â\200\246","00694d61632d64652d4d61632e6c6f63616c0000007000008543266cff7f00000030dd12â\200\246","172.16.42.255","UDP","305","54915  >  54915 Len=263"
"236","207.066810453","172.16.42.1","00694d61632d64652d4d61632e6c6f63616c0000007000008543266cff7f00000030dd12â\200\246","00694d61632d64652d4d61632e6c6f63616c0000007000008543266cff7f00000030dd12â\200\246","172.16.42.255","UDP","305","54915  >  54915 Len=263"
"237","207.992093676","172.16.42.1","00694d61632d64652d4d61632e6c6f63616c0000007000008543266cff7f00000030dd12â\200\246","00694d61632d64652d4d61632e6c6f63616c0000007000008543266cff7f00000030dd12â\200\246","172.16.42.255","UDP","305","54915  >  54915 Len=263"
"238","208.991840659","172.16.42.1","00694d61632d64652d4d61632e6c6f63616c0000007000008543266cff7f00000030dd12â\200\246","00694d61632d64652d4d61632e6c6f63616c0000007000008543266cff7f00000030dd12â\200\246","172.16.42.255","UDP","305","54915  >  54915 Len=263"
"239","210.065991130","172.16.42.1","00694d61632d64652d4d61632e6c6f63616c0000007000008543266cff7f00000030dd12â\200\246","00694d61632d64652d4d61632e6c6f63616c0000007000008543266cff7f00000030dd12â\200\246","172.16.42.255","UDP","305","54915  >  54915 Len=263"
"240","211.065463922","172.16.42.1","00694d61632d64652d4d61632e6c6f63616c0000007000008543266cff7f00000030dd12â\200\246","00694d61632d64652d4d61632e6c6f63616c0000007000008543266cff7f00000030dd12â\200\246","172.16.42.255","UDP","305","54915  >  54915 Len=263"
"241","212.066745851","172.16.42.1","00694d61632d64652d4d61632e6c6f63616c0000007000008543266cff7f00000030dd12â\200\246","00694d61632d64652d4d61632e6c6f63616c0000007000008543266cff7f00000030dd12â\200\246","172.16.42.255","UDP","305","54915  >  54915 Len=263"
"242","212.991838939","172.16.42.1","00694d61632d64652d4d61632e6c6f63616c0000007000008543266cff7f00000030dd12â\200\246","00694d61632d64652d4d61632e6c6f63616c0000007000008543266cff7f00000030dd12â\200\246","172.16.42.255","UDP","305","54915  >  54915 Len=263"
"243","214.066185579","172.16.42.1","00694d61632d64652d4d61632e6c6f63616c0000007000008543266cff7f00000030dd12â\200\246","00694d61632d64652d4d61632e6c6f63616c0000007000008543266cff7f00000030dd12â\200\246","172.16.42.255","UDP","305","54915  >  54915 Len=263"
"244","214.991701729","172.16.42.1","00694d61632d64652d4d61632e6c6f63616c0000007000008543266cff7f00000030dd12â\200\246","00694d61632d64652d4d61632e6c6f63616c0000007000008543266cff7f00000030dd12â\200\246","172.16.42.255","UDP","305","54915  >  54915 Len=263"
"245","216.066525959","172.16.42.1","00694d61632d64652d4d61632e6c6f63616c0000007000008543266cff7f00000030dd12â\200\246","00694d61632d64652d4d61632e6c6f63616c0000007000008543266cff7f00000030dd12â\200\246","172.16.42.255","UDP","305","54915  >  54915 Len=263"
"246","217.065462235","172.16.42.1","00694d61632d64652d4d61632e6c6f63616c0000007000008543266cff7f00000030dd12â\200\246","00694d61632d64652d4d61632e6c6f63616c0000007000008543266cff7f00000030dd12â\200\246","172.16.42.255","UDP","305","54915  >  54915 Len=263"
"247","218.066909894","172.16.42.1","00694d61632d64652d4d61632e6c6f63616c0000007000008543266cff7f00000030dd12â\200\246","00694d61632d64652d4d61632e6c6f63616c0000007000008543266cff7f00000030dd12â\200\246","172.16.42.255","UDP","305","54915  >  54915 Len=263"
"248","219.065189221","172.16.42.1","00694d61632d64652d4d61632e6c6f63616c0000007000008543266cff7f00000030dd12â\200\246","00694d61632d64652d4d61632e6c6f63616c0000007000008543266cff7f00000030dd12â\200\246","172.16.42.255","UDP","305","54915  >  54915 Len=263"
"249","220.065167266","172.16.42.1","00694d61632d64652d4d61632e6c6f63616c0000007000008543266cff7f00000030dd12â\200\246","00694d61632d64652d4d61632e6c6f63616c0000007000008543266cff7f00000030dd12â\200\246","172.16.42.255","UDP","305","54915  >  54915 Len=263"
"250","221.066277078","172.16.42.1","00694d61632d64652d4d61632e6c6f63616c0000007000008543266cff7f00000030dd12â\200\246","00694d61632d64652d4d61632e6c6f63616c0000007000008543266cff7f00000030dd12â\200\246","172.16.42.255","UDP","305","54915  >  54915 Len=263"
"251","222.065537659","172.16.42.1","00694d61632d64652d4d61632e6c6f63616c0000007000008543266cff7f00000030dd12â\200\246","00694d61632d64652d4d61632e6c6f63616c0000007000008543266cff7f00000030dd12â\200\246","172.16.42.255","UDP","305","54915  >  54915 Len=263"
"252","223.064280261","172.16.42.1","00694d61632d64652d4d61632e6c6f63616c0000007000008543266cff7f00000030dd12â\200\246","00694d61632d64652d4d61632e6c6f63616c0000007000008543266cff7f00000030dd12â\200\246","172.16.42.255","UDP","305","54915  >  54915 Len=263"
"253","224.065034512","172.16.42.1","00694d61632d64652d4d61632e6c6f63616c0000007000008543266cff7f00000030dd12â\200\246","00694d61632d64652d4d61632e6c6f63616c0000007000008543266cff7f00000030dd12â\200\246","172.16.42.255","UDP","305","54915  >  54915 Len=263"
"254","225.064689657","172.16.42.1","00694d61632d64652d4d61632e6c6f63616c0000007000008543266cff7f00000030dd12â\200\246","00694d61632d64652d4d61632e6c6f63616c0000007000008543266cff7f00000030dd12â\200\246","172.16.42.255","UDP","305","54915  >  54915 Len=263"
